model_name,val_acc,top5_val_acc,f1_val,recall,precision
new_splits_videomae_kinetics_mixup_5_14,0.9819444417953491,1.0,0.9821878671646118,0.9819444417953491,0.9844444394111633
