model_name,val_acc,top5_val_acc,f1_val,recall,precision
WLASL_1k_classes_pretrain_seed_42,0.002500000176951289,0.005333333276212215,0.001212121220305562,0.002500000176951289,0.0010232558706775308
