model_name,val_acc,top5_val_acc,f1_val,recall,precision
new_splits_videomae_kinetics_random_rotation_50_42,0.9937499761581421,1.0,0.9940351247787476,0.9937499761581421,0.9950000047683716
