model_name,val_acc,top5_val_acc,f1_val,recall,precision
vivit_kinetics_no_augs_42,0.9788095355033875,1.0,0.978951096534729,0.9788095355033875,0.980896532535553
