model_name,val_acc,top5_val_acc,f1_val,recall,precision
videomae_kinetics_freeze_no_augs_2,0.882381021976471,0.9928570985794067,0.8816571831703186,0.882381021976471,0.8877971768379211
