model_name,val_acc,top5_val_acc,f1_val,recall,precision
timesformer_no_augs_44,0.8359225988388062,0.9649999737739563,0.8359916806221008,0.8359225988388062,0.85603266954422
