model_name,val_acc,top5_val_acc,f1_val,recall,precision
videomae_kinetics_mixup_25_24,0.9895238280296326,1.0,0.9894043207168579,0.9895238280296326,0.9897618889808655
