model_name,val_acc,top5_val_acc,f1_val,recall,precision
vivit_no_augs_12,0.5079364776611328,0.8596924543380737,0.5080084800720215,0.5079364776611328,0.5317050814628601
