acc_slovo_val_mean,acc_slovo_val_std,f1_slovo_val_mean,f1_slovo_val_std,precision_slovo_val_mean,precision_slovo_val_std,recall_slovo_val_mean,recall_slovo_val_std
0.12205882352941175,0.2529593016761753,0.08122969674882763,0.22197757514047498,0.11227621530839252,0.3038710090220198,0.10854545454545457,0.25108311638698344
