model_name,val_acc,top5_val_acc,f1_val,recall,precision
agressive_splits_videomae_no_augmentations_42,0.4641742408275604,0.7941666841506958,0.4673362374305725,0.4641742408275604,0.48215317726135254
