model_name,val_acc,top5_val_acc,f1_val,recall,precision
agressive_splits_videomae_no_augmentations_42,0.049833331257104874,0.22959092259407043,0.022008342668414116,0.049833331257104874,0.027050675824284554
