model_name,val_acc,top5_val_acc,f1_val,recall,precision
new_splits_videomae_kinetics_color_jitter_0.35_42,0.9937500357627869,1.0,0.9937254786491394,0.9937500357627869,0.9944444894790649
