dictionary,acc_mean,acc_std,top5_acc_mean,top5_acc_std,f1_mean,f1_std,precision_mean,precision_std,recall_mean,recall_std
Acessibilidades2,0.34615384615384615,0.05733507634614845,0.6230769230769231,0.07431475254456126,0.2899110275689223,0.07294817077722632,0.2668765664160401,0.06978649764216609,0.3709649122807017,0.07468365164654081
Acessibilidades3,0.38333333333333336,0.05121969142940492,0.6166666666666667,0.03828902431136171,0.31083402951824,0.05958230119267843,0.3290448343079922,0.07046696000253258,0.37504873294346974,0.04699028430150479
Overall,0.4854961832061068,0.03436527840434429,0.7358778625954199,0.04153120766026089,0.46010107000868716,0.03787074434608401,0.5405413962399257,0.037891064534131255,0.4808630952380953,0.035578562471842226
SpreadTheSign,0.55625,0.05472468973568208,0.7875,0.10290907529357057,0.4445857843137254,0.05505768020649282,0.4108190359477124,0.05740365437441622,0.5291666666666667,0.052256488406186886
UFPE,0.47407407407407404,0.06246474390456059,0.737037037037037,0.0845476230531552,0.32830365540891854,0.0506967409895231,0.3579785393973228,0.04989784599344889,0.36310508935508934,0.0581334411310303
UFSC,0.5947368421052632,0.04993069989739546,0.8105263157894737,0.027178830499701132,0.5241228070175439,0.05689558105932763,0.5039961013645223,0.05743498945581899,0.5907894736842105,0.057782764304078596
UFSC_V2,0.6526315789473685,0.07525477399834113,0.9210526315789472,0.027739277720775227,0.5893567251461989,0.09032318927410851,0.572928849902534,0.09296858684884322,0.6580409356725145,0.08327617364126272
