dictionary,acc_mean,acc_std,top5_acc_mean,top5_acc_std,f1_mean,f1_std,precision_mean,precision_std,recall_mean,recall_std
Overall,0.9982832618025752,0.0022162994828082423,1.0,0.0,0.9982608695652173,0.00224520773693188,0.9983333333333333,0.0021516574145597285,0.9983333333333334,0.002151657414559697
test,0.9982832618025752,0.0022162994828082423,1.0,0.0,0.9982608695652173,0.00224520773693188,0.9983333333333333,0.0021516574145597285,0.9983333333333334,0.002151657414559697
