model_name,val_acc,top5_val_acc,f1_val,recall,precision
new_splits_videomae_kinetics_no_augmentations_42,0.05000000074505806,0.25,0.004999999888241291,0.05000000074505806,0.0026315790601074696
