model_name,val_acc,top5_val_acc,f1_val,recall,precision
videomae_kinetics_random_perspective_0.15_42,0.9964286088943481,1.0,0.9965353012084961,0.9964286088943481,0.9968750476837158
