model_name,val_acc,top5_val_acc,f1_val,recall,precision
videomae_kinetics_random_rotation_40_79,0.9930952191352844,1.0,0.9929757118225098,0.9930952191352844,0.9933333396911621
