model_name,val_acc,top5_val_acc,f1_val,recall,precision
new_splits_videomae_kinetics_color_jitter_0.45_16,0.9874999523162842,1.0,0.9880701303482056,0.9874999523162842,0.9900000095367432
