model_name,val_acc,top5_val_acc,f1_val,recall,precision
new_videomae_all_best_augs_79,0.043958332389593124,0.24020832777023315,0.007007286883890629,0.043958332389593124,0.004304681904613972
