model_name,val_acc,top5_val_acc,f1_val,recall,precision
agressive_splits_videomae_kinetics_color_jitter_0.2_42,0.9670454263687134,0.9977272748947144,0.9670528173446655,0.9670454263687134,0.9709533452987671
