model_name,val_acc,f1_val,recall,precision
MCG-NJU/videomae-base-finetuned-kinetics,0.0012499999720603228,3.334098437335342e-05,0.0012499999720603228,1.690881617832929e-05
