model_name,val_acc,top5_val_acc,f1_val,recall,precision
videomae_kinetics_random_rotation_50_42,0.9818181395530701,1.0,0.981666624546051,0.9818181395530701,0.9846154451370239
