model_name,val_acc,top5_val_acc,f1_val,recall,precision
timesformer_kinetics_no_augs_2,0.985714316368103,1.0,0.985878586769104,0.985714316368103,0.9883333444595337
