model_name,val_acc,top5_val_acc,f1_val,recall,precision
new_splits_videomae_kinetics_random_rotation_30_14,0.9937500357627869,1.0,0.9937254786491394,0.9937500357627869,0.9944444894790649
