model_name,val_acc,top5_val_acc,f1_val,recall,precision
WLASL_top5_pretrain_seed_14,0.00016666666488163173,0.002916666679084301,7.692308281548321e-05,0.00016666666488163173,5.0000002374872565e-05
