model_name,val_acc,top5_val_acc,f1_val,recall,precision
new_splits_videomae_kinetics_color_jitter_0.4_14,0.988194465637207,1.0,0.9884623289108276,0.988194465637207,0.9900000095367432
