model_name,val_acc,top5_val_acc,f1_val,recall,precision
timesformer_kinetics_no_augs_42,0.9823809862136841,1.0,0.9827505350112915,0.9823809862136841,0.9856005311012268
