model_name,val_acc,top5_val_acc,f1_val,recall,precision
new_splits_videomae_kinetics_color_jitter_0.2_42,0.9930952191352844,1.0,0.9930869936943054,0.9930952191352844,0.9935417175292969
