model_name,val_acc,top5_val_acc,f1_val,recall,precision
WLASL_100_classes_e-1_pretrain_seed_42,0.019999999552965164,0.03999999910593033,0.0009286412387154996,0.019999999552965164,0.0004764344193972647
