model_name,val_acc,f1_val,recall,precision
WLASL_pretrain_seed_26,0.00041666667675599456,1.2408293514454272e-05,0.00041666667675599456,6.302521342149703e-06
