model_name,val_acc,top5_val_acc,f1_val,recall,precision
new_videomae_all_best_augs_89,0.05000000074505806,0.259672611951828,0.007569027133285999,0.05000000074505806,0.004563492257148027
