model_name,val_acc,top5_val_acc,f1_val,recall,precision
videomae_kinetics_random_rotation_35_42,0.9683711528778076,1.0,0.9685817360877991,0.9683711528778076,0.972037672996521
