model_name,val_acc,top5_val_acc,f1_val,recall,precision
videomae_all_best_augs_44,0.05000000074505806,0.25,0.0049019609577953815,0.05000000074505806,0.002577319508418441
