model_name,val_acc,top5_val_acc,f1_val,recall,precision
new_splits_videomae_kinetics_color_jitter_0.3_14,0.9944444894790649,1.0,0.9941176772117615,0.9944444894790649,0.9944444894790649
