model_name,val_acc,top5_val_acc,f1_val,recall,precision
agressive_splits_videomae_kinetics_mixup_25_42,0.9580378532409668,1.0,0.9583632349967957,0.9580378532409668,0.9605201482772827
