model_name,val_acc,top5_val_acc,f1_val,recall,precision
agressive_splits_videomae_kinetics_mixup_25_42,0.958143949508667,1.0,0.9582537412643433,0.958143949508667,0.9607768654823303
