model_name,val_acc,top5_val_acc,f1_val,recall,precision
agressive_splits_videomae_kinetics_mixup_25_42,0.960121214389801,1.0,0.9602019190788269,0.960121214389801,0.9624940156936646
