model_name,val_acc,top5_val_acc,f1_val,recall,precision
agressive_splits_videomae_kinetics_mixup_25_42,0.9578484892845154,1.0,0.958271861076355,0.9578484892845154,0.9605879783630371
