model_name,val_acc,top5_val_acc,f1_val,recall,precision
videomae_kinetics_mixup_20_16,0.9895238280296326,1.0,0.9895109534263611,0.9895238280296326,0.9902083277702332
