model_name,val_acc,top5_val_acc,f1_val,recall,precision
vivit_no_augs_26,0.5119345188140869,0.8988789319992065,0.5155016183853149,0.5119345188140869,0.5365102291107178
