model_name,val_acc,top5_val_acc,f1_val,recall,precision
videomae_no_augmentations_79,0.540446400642395,0.9032143354415894,0.5389846563339233,0.540446400642395,0.6229060888290405
