model_name,val_acc,top5_val_acc,f1_val,recall,precision
new_splits_videomae_kinetics_color_jitter_0.2_16,0.9937500357627869,1.0,0.9937255382537842,0.9937500357627869,0.9944444894790649
