model_name,val_acc,top5_val_acc,f1_val,recall,precision
new_splits_videomae_kinetics_color_jitter_0.2_12,0.9937499761581421,1.0,0.9937254786491394,0.9937499761581421,0.9944444894790649
