model_name,val_acc,top5_val_acc,f1_val,recall,precision
timesformer_no_augs_89,0.8099702000617981,0.9685714840888977,0.7999205589294434,0.8099702000617981,0.8116981983184814
