model_name,val_acc,top5_val_acc,f1_val,recall,precision
WLASL_100_classes_pretrain_seed_42,0.009999999776482582,0.044999998062849045,0.00025316455867141485,0.009999999776482582,0.00012820512347389013
