model_name,val_acc,top5_val_acc,f1_val,recall,precision
agressive_splits_videomae_kinetics_mixup_3_42,0.9666666388511658,0.9956439137458801,0.9667258858680725,0.9666666388511658,0.9715776443481445
