model_name,val_acc,top5_val_acc,f1_val,recall,precision
new_splits_videomae_kinetics_mixup_4.5_42,0.9874999523162842,1.0,0.9880701303482056,0.9874999523162842,0.9900000095367432
