model_name,val_acc,top5_val_acc,f1_val,recall,precision
new_splits_videomae_kinetics_random_rotation_15_14,0.988194465637207,1.0,0.9881527423858643,0.988194465637207,0.9894444942474365
