model_name,val_acc,top5_val_acc,f1_val,recall,precision
videomae_kinetics_no_augmentations_89,0.9895237684249878,1.0,0.9896087646484375,0.9895237684249878,0.9903921484947205
