model_name,val_acc,top5_val_acc,f1_val,recall,precision
slovo_finetune_WLASL_100_classes_seed_42_new,0.002147852210327983,0.0067632365971803665,0.0002171970991184935,0.002147852210327983,0.00013861176557838917
