model_name,val_acc,top5_val_acc,f1_val,recall,precision
new_splits_videomae_kinetics_color_jitter_0.3_42,0.9928571581840515,1.0,0.9928480386734009,0.9928571581840515,0.9933332800865173
