model_name,val_acc,f1_val,recall,precision
WLASL_pretrain_seed_24,0.0005000000237487257,0.0005000000237487257,0.0005000000237487257,0.0005000000237487257
