model_name,val_acc,top5_val_acc,f1_val,recall,precision
agressive_splits_videomae_kinetics_color_jitter_0.45_42,0.9623105525970459,1.0,0.9623886942863464,0.9623105525970459,0.9654267430305481
