model_name,val_acc,top5_val_acc,f1_val,recall,precision
videomae_kinetics_random_rotation_5_42,0.9729166626930237,1.0,0.9731350541114807,0.9729166626930237,0.9775904417037964
