model_name,val_acc,top5_val_acc,f1_val,recall,precision
videomae_kinetics_freeze_no_augs_44,0.8857143521308899,0.9928570985794067,0.8855449557304382,0.8857143521308899,0.8932873010635376
