model_name,val_acc,top5_val_acc,f1_val,recall,precision
new_splits_videomae_kinetics_color_jitter_0.05_42,0.985714316368103,1.0,0.9858872890472412,0.985714316368103,0.987291693687439
