model_name,val_acc,top5_val_acc,f1_val,recall,precision
vivit_kinetics_no_augs_26,0.985714316368103,1.0,0.9853970408439636,0.985714316368103,0.9883332848548889
