model_name,val_acc,top5_val_acc,f1_val,recall,precision
timesformer_kinetics_no_augs_26,0.9857142567634583,1.0,0.985887348651886,0.9857142567634583,0.987291693687439
