model_name,val_acc,top5_val_acc,f1_val,recall,precision
timesformer_kinetics_no_augs_44,0.9821428060531616,1.0,0.9825525283813477,0.9821428060531616,0.9856036901473999
