model_name,val_acc,top5_val_acc,f1_val,recall,precision
vivit_no_augs_16,0.5046626925468445,0.8412400484085083,0.5008708238601685,0.5046626925468445,0.5075668096542358
