model_name,val_acc,f1_val,recall,precision
WLASL_pretrain_seed_79,0.000750000006519258,0.0005000000237487257,0.000750000006519258,0.00041666667675599456
