model_name,val_acc,f1_val,recall,precision
WLASL_pretrain_seed_26,0.00016666666488163173,3.8461541407741606e-05,0.00016666666488163173,2.173913162550889e-05
