dictionary,acc_mean,acc_std,top5_acc_mean,top5_acc_std,f1_mean,f1_std,precision_mean,precision_std,recall_mean,recall_std
Acessibilidades2,0.2692307692307692,0.0,0.5737179487179487,0.011102889792108175,0.23044764689501532,0.0012919555648591655,0.20270989974937345,0.0009476493397402325,0.3684210526315789,0.0
Acessibilidades3,0.375,0.0,0.6145833333333334,0.036084391824351615,0.2937781954887218,0.009405331303615809,0.26362573099415204,0.01651730832207585,0.42032163742690054,0.008536172633350011
Overall,0.3206106870229008,0.007278340375920538,0.666030534351145,0.01496048656301883,0.2956676836936458,0.01091230093202526,0.4093994096193529,0.022268117441745682,0.35479001322751325,0.00805391361125373
SpreadTheSign,0.375,0.0,0.7708333333333334,0.03077287274483318,0.25416666666666665,0.0,0.21562500000000004,0.0,0.375,0.0
UFPE,0.12345679012345678,0.018235776441382627,0.5493827160493827,0.014416647114102307,0.11041828541828541,0.020778682176616364,0.164011914011914,0.040655796877625425,0.08912846412846413,0.013956755923006497
UFSC,0.6008771929824561,0.0271015079233914,0.8421052631578947,0.0,0.5453216374269005,0.03103224565640544,0.5475146198830408,0.035770535794907736,0.5745614035087719,0.027101507923391395
UFSC_V2,0.2763157894736842,0.03967254533917943,0.7587719298245613,0.05243183788924326,0.22067669172932333,0.038993103568748494,0.20526315789473684,0.038676153833418596,0.2763157894736842,0.03967254533917943
