model_name,val_acc,top5_val_acc,f1_val,recall,precision
videomae_all_best_augs_2,0.0533333346247673,0.24375000596046448,0.011431567370891571,0.0533333346247673,0.009153212420642376
