model_name,val_acc,top5_val_acc,f1_val,recall,precision
WLASL_top5_pretrain_seed_16,0.0010000000474974513,0.0037499999161809683,0.0007000000332482159,0.0010000000474974513,0.0006250000442378223
