model_name,val_acc,top5_val_acc,f1_val,recall,precision
videomae_kinetics_no_augmentations_79,0.982619047164917,1.0,0.9825563430786133,0.982619047164917,0.9841176271438599
