model_name,val_acc,top5_val_acc,f1_val,recall,precision
WLASL_300_classes_pretrain_seed_42,0.0033333334140479565,0.013333333656191826,0.0008333333535119891,0.0033333334140479565,0.00047619050019420683
