model_name,val_acc,top5_val_acc,f1_val,recall,precision
agressive_splits_videomae_kinetics_random_perspective_0.45_42,0.9681817889213562,0.9977272748947144,0.9684327244758606,0.9681817889213562,0.9728875160217285
