model_name,val_acc,top5_val_acc,f1_val,recall,precision
new_splits_videomae_kinetics_color_jitter_0.05_42,0.987500011920929,1.0,0.987760603427887,0.987500011920929,0.9894444346427917
