model_name,val_acc,top5_val_acc,f1_val,recall,precision
videomae_kinetics_freeze_no_augs_89,0.8821429014205933,0.9928570985794067,0.8818961381912231,0.8821429014205933,0.890209436416626
