model_name,val_acc,top5_val_acc,f1_val,recall,precision
videomae_no_augmentations_42,0.7911607027053833,0.9788095951080322,0.7903666496276855,0.7911607027053833,0.8153471946716309
