model_name,val_acc,top5_val_acc,f1_val,recall,precision
vivit_no_augs_44,0.4601786136627197,0.8697519302368164,0.4561736285686493,0.4601786136627197,0.4690361022949219
