model_name,val_acc,top5_val_acc,f1_val,recall,precision
agressive_splits_videomae_kinetics_color_jitter_0.5_42,0.9645833373069763,0.9909090995788574,0.9640790224075317,0.9645833373069763,0.9684706330299377
