model_name,val_acc,top5_val_acc,f1_val,recall,precision
videomae_kinetics_freeze_no_augs_24,0.8892858028411865,0.9928570985794067,0.8887022733688354,0.8892858028411865,0.8951396942138672
