model_name,val_acc,top5_val_acc,f1_val,recall,precision
agressive_splits_videomae_kinetics_mixup_5_42,0.9659090638160706,0.9977272748947144,0.9661928415298462,0.9659090638160706,0.9716231822967529
