model_name,val_acc,f1_val,recall,precision
WLASL_pretrain_seed_42,0.00016666666488163173,2.5641025786171667e-05,0.00016666666488163173,1.3888889043300878e-05
