model_name,val_acc,top5_val_acc,f1_val,recall,precision
WLASL_300_classes_pretrain_seed_42,0.08923333883285522,0.12819167971611023,0.08347991108894348,0.08923333883285522,0.08757500350475311
