model_name,val_acc,top5_val_acc,f1_val,recall,precision
videomae_kinetics_random_rotation_0.45_42,0.9755681753158569,1.0,0.975178599357605,0.9755681753158569,0.9780523777008057
