model_name,val_acc,top5_val_acc,f1_val,recall,precision
new_videomae_all_best_augs_2,0.04062499850988388,0.2504464387893677,0.005038759671151638,0.04062499850988388,0.002685950370505452
