model_name,val_acc,f1_val,recall,precision
WLASL_pretrain_seed_14,0.0002500000118743628,3.7453182812896557e-06,0.0002500000118743628,1.8867924609367037e-06
