model_name,val_acc,top5_val_acc,f1_val,recall,precision
videomae_kinetics_random_rotation_15_42,0.986742377281189,1.0,0.986640214920044,0.986742377281189,0.9874927401542664
