model_name,val_acc,top5_val_acc,f1_val,recall,precision
videomae_kinetics_mixup_15_2,0.996666669845581,1.0,0.9965517520904541,0.996666669845581,0.996666669845581
