model_name,val_acc,top5_val_acc,f1_val,recall,precision
timesformer_no_augs_79,0.8817460536956787,0.985714316368103,0.8795217275619507,0.8817460536956787,0.8944482803344727
