model_name,val_acc,top5_val_acc,f1_val,recall,precision
videomae_all_best_augs_14,0.06437499821186066,0.24086308479309082,0.017301252111792564,0.06437499821186066,0.010331057012081146
