model_name,val_acc,top5_val_acc,f1_val,recall,precision
vivit_kinetics_no_augs_89,0.9788095355033875,1.0,0.9791744947433472,0.9788095355033875,0.9822672009468079
