dictionary,acc_mean,acc_std,top5_acc_mean,top5_acc_std,f1_mean,f1_std,precision_mean,precision_std,recall_mean,recall_std
Acessibilidades2,0.4269230769230769,0.07353656615230762,0.676923076923077,0.037157376272280586,0.3957907268170426,0.09941263422222603,0.36528508771929824,0.09906602819728777,0.4946929824561403,0.10600200616192083
Acessibilidades3,0.4708333333333333,0.04831257536368356,0.75,0.02777777777777772,0.3930870231133389,0.06807481580887283,0.39969639376218324,0.07394716166634609,0.48091617933723196,0.058170580361672164
Overall,0.5213740458015267,0.029902278972870403,0.7931297709923665,0.032276428438527405,0.48988555867771766,0.04345044076766748,0.5622976798192086,0.04958764236990273,0.530890559732665,0.040676302526759564
SpreadTheSign,0.55,0.04930066485916347,0.85625,0.051454537646785294,0.43318055555555557,0.07422598572230069,0.40397222222222223,0.08553864245805241,0.5329166666666667,0.059120025956826194
UFPE,0.5111111111111111,0.06485889153858615,0.737037037037037,0.07499428419006143,0.36300144147508545,0.06295444683219159,0.38918578643578644,0.06681195192078232,0.410064935064935,0.060346875587625866
UFSC,0.6368421052631579,0.04608394925110067,0.9052631578947368,0.033287133264930296,0.5586647173489279,0.05610626224978055,0.5270955165692007,0.06284689941215661,0.637719298245614,0.05079366224405913
UFSC_V2,0.5894736842105263,0.08522777404555175,0.9210526315789472,0.06680502724442025,0.49951127819548863,0.09580213077644295,0.47630604288499023,0.09617694609885344,0.5888888888888888,0.08958064164776164
