model_name,val_acc,top5_val_acc,f1_val,recall,precision
agressive_splits_videomae_kinetics_color_jitter_0.25_42,0.9784090518951416,1.0,0.9780489802360535,0.9784090518951416,0.9793611764907837
