model_name,val_acc,top5_val_acc,f1_val,recall,precision
videomae_no_augmentations_16,0.8061904907226562,0.9659523367881775,0.8106571435928345,0.8061904907226562,0.8328706622123718
