model_name,val_acc,top5_val_acc,f1_val,recall,precision
videomae_kinetics_all_best_augs_seed_14,0.9964286088943481,1.0,0.9965353012084961,0.9964286088943481,0.9968750476837158
