model_name,val_acc,top5_val_acc,f1_val,recall,precision
new_splits_videomae_kinetics_color_jitter_0.5_14,0.987500011920929,1.0,0.9880701303482056,0.987500011920929,0.9900000095367432
