model_name,val_acc,top5_val_acc,f1_val,recall,precision
videomae_all_best_augs_26,0.043958332389593124,0.24062499403953552,0.0072744362987577915,0.043958332389593124,0.004636034369468689
