model_name,val_acc,top5_val_acc,f1_val,recall,precision
new_videomae_all_best_augs_44,0.05583333224058151,0.2672916650772095,0.013250784948468208,0.05583333224058151,0.00817044172435999
