model_name,val_acc,top5_val_acc,f1_val,recall,precision
videomae_kinetics_random_rotation_35_12,0.9964286088943481,1.0,0.9965351819992065,0.9964286088943481,0.9968750476837158
