model_name,val_acc,top5_val_acc,f1_val,recall,precision
timesformer_no_augs_24,0.8607639074325562,0.9861904978752136,0.8627392053604126,0.8607639074325562,0.8865995407104492
