model_name,val_acc,top5_val_acc,f1_val,recall,precision
timesformer_kinetics_no_augs_79,0.9750000238418579,1.0,0.9754021763801575,0.9750000238418579,0.9798193573951721
