model_name,val_acc,top5_val_acc,f1_val,recall,precision
WLASL_1k_classes_pretrain_seed_42,0.11104167252779007,0.23020833730697632,0.09681785851716995,0.11104167252779007,0.09640833735466003
