model_name,val_acc,top5_val_acc,f1_val,recall,precision
WLASL_300_classes_all_best_augs_pretrain_seed_42,0.09531667083501816,0.13019166886806488,0.09230218827724457,0.09531667083501816,0.09837298840284348
