model_name,val_acc,top5_val_acc,f1_val,recall,precision
vivit_no_augs_2,0.5145535469055176,0.8766865134239197,0.5071741938591003,0.5145535469055176,0.5147642493247986
