model_name,val_acc,top5_val_acc,f1_val,recall,precision
videomae_kinetics_freeze_no_augs_26,0.8890476822853088,0.9928570985794067,0.8888247013092041,0.8890476822853088,0.8958102464675903
