model_name,val_acc,top5_val_acc,f1_val,recall,precision
videomae_kinetics_random_rotation_50_24,0.9964286088943481,1.0,0.9964240193367004,0.9964286088943481,0.996666669845581
