model_name,val_acc,top5_val_acc,f1_val,recall,precision
new_splits_videomae_kinetics_color_jitter_0.25_42,0.9930952787399292,1.0,0.9930869340896606,0.9930952787399292,0.9935416579246521
