model_name,val_acc,top5_val_acc,f1_val,recall,precision
new_splits_videomae_kinetics_random_rotation_10_42,0.9826388955116272,1.0,0.9823529720306396,0.9826388955116272,0.9826388955116272
