model_name,val_acc,top5_val_acc,f1_val,recall,precision
videomae_kinetics_random_rotation_0.2_42,0.9864284992218018,1.0,0.9866975545883179,0.9864284992218018,0.9879860877990723
