model_name,val_acc,top5_val_acc,f1_val,recall,precision
agressive_splits_videomae_kinetics_color_jitter_0.1_42,0.9602272510528564,0.9958332777023315,0.9598932266235352,0.9602272510528564,0.9636228084564209
