model_name,val_acc,top5_val_acc,f1_val,recall,precision
videomae_all_best_augs_42,0.053958334028720856,0.2504464387893677,0.011519208550453186,0.053958334028720856,0.006990103051066399
