model_name,val_acc,top5_val_acc,f1_val,recall,precision
new_splits_videomae_kinetics_color_jitter_0.5_42,0.9749999642372131,1.0,0.9753545522689819,0.9749999642372131,0.9794444441795349
