model_name,val_acc,top5_val_acc,f1_val,recall,precision
vivit_no_augs_79,0.592430591583252,0.8945437073707581,0.5907578468322754,0.592430591583252,0.6125096678733826
