model_name,val_acc,top5_val_acc,f1_val,recall,precision
vivit_kinetics_no_augs_24,0.9892857074737549,1.0,0.9894545078277588,0.9892857074737549,0.9916666746139526
