model_name,val_acc,top5_val_acc,f1_val,recall,precision
videomae_kinetics_freeze_10k_epochs_no_augs_42,0.9507142901420593,1.0,0.9504181742668152,0.9507142901420593,0.9527453780174255
