model_name,val_acc,top5_val_acc,f1_val,recall,precision
videomae_kinetics_random_rotation_45_24,0.9895237684249878,1.0,0.9896057844161987,0.9895237684249878,0.9899038076400757
