model_name,val_acc,top5_val_acc,f1_val,recall,precision
agressive_splits_videomae_kinetics_mixup_30_42,0.9659090638160706,1.0,0.9660807251930237,0.9659090638160706,0.9708606004714966
