model_name,val_acc,top5_val_acc,f1_val,recall,precision
new_splits_videomae_kinetics_color_jitter_0.2_42,0.9819445013999939,1.0,0.9818782806396484,0.9819445013999939,0.9838889241218567
