acc_test_mean,acc_test_std,f1_test_mean,f1_test_std,precision_test_mean,precision_test_std,recall_test_mean,recall_test_std
0.28275862068965524,0.34565418168666673,0.21619875320737972,0.3232146384616408,0.25413629632360146,0.4046265739723319,0.24208398078529647,0.3119334977485423
