acc_val_mean,acc_val_std,f1_val_mean,f1_val_std,precision_val_mean,precision_val_std,recall_val_mean,recall_val_std
0.9985616438356157,0.024780893856336476,0.9985369064313306,0.025244119008811884,0.9986427696078438,0.023214778621621173,0.9985500000000002,0.02502854379573722
