model_name,val_acc,top5_val_acc,f1_val,recall,precision
timesformer_no_augs_14,0.8550000190734863,0.9895238280296326,0.8529635667800903,0.8550000190734863,0.8666679859161377
