model_name,val_acc,top5_val_acc,f1_val,recall,precision
timesformer_kinetics_no_augs_89,0.985714316368103,1.0,0.9859898090362549,0.985714316368103,0.9885416030883789
