model_name,val_acc,top5_val_acc,f1_val,recall,precision
videomae_kinetics_random_rotation_30_42,0.996666669845581,1.0,0.9965516924858093,0.996666669845581,0.996666669845581
