model_name,val_acc,top5_val_acc,f1_val,recall,precision
videomae_kinetics_random_rotation_20_42,0.9844696521759033,0.9977272748947144,0.984254002571106,0.9844696521759033,0.9859598875045776
