model_name,val_acc,top5_val_acc,f1_val,recall,precision
videomae_all_best_augs_89,0.05000000074505806,0.26029762625694275,0.007683983072638512,0.05000000074505806,0.0046630967408418655
