model_name,val_acc,top5_val_acc,f1_val,recall,precision
vivit_no_augs_89,0.666815459728241,0.9326686263084412,0.6607872247695923,0.666815459728241,0.6612783670425415
