model_name,val_acc,top5_val_acc,f1_val,recall,precision
new_splits_videomae_kinetics_random_perspective_0.05_42,0.9944444894790649,1.0,0.9941176176071167,0.9944444894790649,0.9944444894790649
