acc_minds_val_mean,acc_minds_val_std,f1_minds_val_mean,f1_minds_val_std,precision_minds_val_mean,precision_minds_val_std,recall_minds_val_mean,recall_minds_val_std
0.9951712328767115,0.21784133245317908,0.9949893278523565,0.2308726985752731,0.9959219201142002,0.1587122722017701,0.995146428571429,0.21483770538291208
