model_name,val_acc,top5_val_acc,f1_val,recall,precision
WLASL_100_classes_pretrain_seed_42,0.030891668051481247,0.043941669166088104,0.02933293767273426,0.030891668051481247,0.03059166669845581
