model_name,val_acc,top5_val_acc,f1_val,recall,precision
videomae_kinetics_random_rotation_20_79,0.9928571581840515,1.0,0.9928205609321594,0.9928571581840515,0.9937500357627869
