model_name,val_acc,top5_val_acc,f1_val,recall,precision
new_splits_videomae_kinetics_random_rotation_5_12,0.9944444894790649,1.0,0.9944272637367249,0.9944444894790649,0.9950000047683716
