model_name,val_acc,top5_val_acc,f1_val,recall,precision
videomae_no_augmentations_89,0.8018749952316284,0.9828571081161499,0.8012280464172363,0.8018749952316284,0.8123951554298401
