model_name,val_acc,top5_val_acc,f1_val,recall,precision
new_dataset_v2_experiment_seed_2,0.015333333984017372,0.025833334773778915,0.013609523884952068,0.015333333984017372,0.013558333739638329
