model_name,val_acc,top5_val_acc,f1_val,recall,precision
videomae_no_augmentations_24,0.7978571653366089,0.9757142066955566,0.7952635288238525,0.7978571653366089,0.8096965551376343
