model_name,val_acc,top5_val_acc,f1_val,recall,precision
new_videomae_all_best_augs_16,0.05000000074505806,0.2627083361148834,0.009339794516563416,0.05000000074505806,0.005178571678698063
