model_name,val_acc,top5_val_acc,f1_val,recall,precision
new_videomae_kinetics_all_best_augs_seed_16,0.9933333396911621,1.0,0.9932147264480591,0.9933333396911621,0.9935415983200073
