model_name,val_acc,top5_val_acc,f1_val,recall,precision
agressive_splits_videomae_kinetics_mixup_15_42,0.9731060266494751,1.0,0.9729146957397461,0.9731060266494751,0.9759671092033386
