model_name,val_acc,top5_val_acc,f1_val,recall,precision
vivit_kinetics_no_augs_16,0.985714316368103,1.0,0.9858909845352173,0.985714316368103,0.987500011920929
