model_name,val_acc,top5_val_acc,f1_val,recall,precision
videomae_kinetics_random_perspective_0.05_42,0.9895237684249878,1.0,0.9895147085189819,0.9895237684249878,0.9900000095367432
