model_name,val_acc,top5_val_acc,f1_val,recall,precision
videomae_kinetics_random_rotation_10_42,0.979924201965332,1.0,0.9799767732620239,0.979924201965332,0.9822949171066284
