model_name,val_acc,top5_val_acc,f1_val,recall,precision
new_videomae_all_best_augs_14,0.050833337008953094,0.2539583444595337,0.010307913646101952,0.050833337008953094,0.0059119039215147495
