model_name,val_acc,top5_val_acc,f1_val,recall,precision
timesformer_no_augs_42,0.8519841432571411,0.9859523773193359,0.8478899002075195,0.8519841432571411,0.8631967306137085
