model_name,val_acc,top5_val_acc,f1_val,recall,precision
videomae_kinetics_freeze_no_augs_12,0.8857143521308899,0.9964286088943481,0.8850224614143372,0.8857143521308899,0.8905609846115112
