model_name,val_acc,top5_val_acc,f1_val,recall,precision
videomae_kinetics_random_rotation_35_89,0.9930951595306396,1.0,0.9930869340896606,0.9930951595306396,0.9935416579246521
