model_name,val_acc,top5_val_acc,f1_val,recall,precision
timesformer_kinetics_no_augs_24,0.9647619128227234,1.0,0.9649217128753662,0.9647619128227234,0.9705623388290405
