model_name,val_acc,top5_val_acc,f1_val,recall,precision
videomae_all_best_augs_24,0.05520833283662796,0.2773512005805969,0.015304655767977238,0.05520833283662796,0.009220249950885773
