model_name,val_acc,top5_val_acc,f1_val,recall,precision
agressive_splits_videomae_kinetics_mixup_25_42,0.9602272510528564,1.0,0.9604887962341309,0.9602272510528564,0.9629033803939819
