model_name,val_acc,top5_val_acc,f1_val,recall,precision
videomae_all_best_augs_16,0.05000000447034836,0.2669047713279724,0.009723864495754242,0.05000000447034836,0.005579414311796427
