model_name,val_acc,f1_val,recall,precision
WLASL_LR_0.01_42,0.0002500000118743628,1.0309277968190145e-05,0.0002500000118743628,5.263158072921215e-06
