model_name,val_acc,top5_val_acc,f1_val,recall,precision
videomae_all_best_augs_79,0.04821428656578064,0.2418154776096344,0.010626483708620071,0.04821428656578064,0.006523395888507366
