model_name,val_acc,top5_val_acc,f1_val,recall,precision
videomae_kinetics_random_rotation_5_24,0.9892857074737549,1.0,0.989564061164856,0.9892857074737549,0.9909926652908325
