model_name,val_acc,top5_val_acc,f1_val,recall,precision
WLASL_2k_classes_pretrain_seed_42,0.024391667917370796,0.07472500205039978,0.019655195996165276,0.024391667917370796,0.01936953514814377
