model_name,val_acc,top5_val_acc,f1_val,recall,precision
videomae_kinetics_random_rotation_25_42,0.9842802286148071,1.0,0.9841170310974121,0.9842802286148071,0.98550945520401
