model_name,val_acc,top5_val_acc,f1_val,recall,precision
videomae_kinetics_mixup_25_16,0.9916666746139526,1.0,0.9909090995788574,0.9916666746139526,0.9916666746139526
