model_name,val_acc,top5_val_acc,f1_val,recall,precision
videomae_kinetics_random_rotation_20_2,0.9928571581840515,1.0,0.9928480386734009,0.9928571581840515,0.9933333396911621
