model_name,val_acc,top5_val_acc,f1_val,recall,precision
vivit_no_augs_42,0.5985020399093628,0.9412698149681091,0.5967210531234741,0.5985020399093628,0.6129989624023438
