model_name,val_acc,top5_val_acc,f1_val,recall,precision
agressive_splits_videomae_kinetics_mixup_15_42,0.9685605764389038,1.0,0.9683425426483154,0.9685605764389038,0.9728461503982544
