model_name,val_acc,f1_val,recall,precision
WLASL_pretrain_seed_89,0.0005000000237487257,0.00016666666488163173,0.0005000000237487257,0.00010000000474974513
