model_name,val_acc,top5_val_acc,f1_val,recall,precision
slovo_finetune_WLASL_100_clases_seed_42,0.2317182868719101,0.43333664536476135,0.18548862636089325,0.2317182868719101,0.26288455724716187
