model_name,val_acc,top5_val_acc,f1_val,recall,precision
new_videomae_all_best_augs_42,0.043958332389593124,0.25711309909820557,0.007093639578670263,0.043958332389593124,0.0044344570487737656
