model_name,val_acc,top5_val_acc,f1_val,recall,precision
videomae_kinetics_freeze_no_augs_14,0.8857143521308899,0.9928570985794067,0.8853929042816162,0.8857143521308899,0.8920373916625977
