model_name,val_acc,top5_val_acc,f1_val,recall,precision
videomae_kinetics_random_rotation_0.4_42,0.9623105525970459,0.9956439137458801,0.9620891809463501,0.9623105525970459,0.9652650356292725
