model_name,val_acc,top5_val_acc,f1_val,recall,precision
videomae_kinetics_random_rotation_30_42,0.9772726893424988,1.0,0.9774413108825684,0.9772726893424988,0.979751706123352
