model_name,val_acc,top5_val_acc,f1_val,recall,precision
videomae_kinetics_random_rotation_15_89,0.9933332800865173,1.0,0.9931034445762634,0.9933332800865173,0.9933333396911621
