model_name,val_acc,top5_val_acc,f1_val,recall,precision
agressive_splits_videomae_kinetics_mixup_10_42,0.9729166030883789,1.0,0.9731622338294983,0.9729166030883789,0.975897490978241
