model_name,val_acc,top5_val_acc,f1_val,recall,precision
agressive_splits_videomae_kinetics_mixup_35_42,0.9619318246841431,1.0,0.9619114995002747,0.9619318246841431,0.9659770727157593
