model_name,val_acc,top5_val_acc,f1_val,recall,precision
videomae_no_augmentations_14,0.7676190137863159,0.9685714244842529,0.7698403000831604,0.7676190137863159,0.7911453247070312
