model_name,val_acc,top5_val_acc,f1_val,recall,precision
new_splits_timesformer_no_augmentations_42,0.0357142873108387,0.07500000298023224,0.0208333320915699,0.0357142873108387,0.014705883339047432
