model_name,val_acc,top5_val_acc,f1_val,recall,precision
new_videomae_all_best_augs_26,0.043958332389593124,0.24419642984867096,0.006968438625335693,0.043958332389593124,0.004247835837304592
