model_name,val_acc,top5_val_acc,f1_val,recall,precision
new_dataset_v2_all_best_augs_experiment_seed_2,0.02108333259820938,0.03150000050663948,0.018935713917016983,0.02108333259820938,0.018458332866430283
