model_name,val_acc,top5_val_acc,f1_val,recall,precision
vivit_no_augs_14,0.5386905074119568,0.8821626901626587,0.5356834530830383,0.5386905074119568,0.5527894496917725
