model_name,val_acc,top5_val_acc,f1_val,recall,precision
videomae_kinetics_random_rotation_45_89,0.9930952191352844,1.0,0.9930869936943054,0.9930952191352844,0.9935417175292969
