model_name,val_acc,top5_val_acc,f1_val,recall,precision
WLASL_2k_classes_pretrain_seed_42,0.10162501037120819,0.22737500071525574,0.08861111104488373,0.10162501037120819,0.08846309781074524
