model_name,val_acc,top5_val_acc,f1_val,recall,precision
teste_all_best_augs_rr40_seed_44,0.9930952191352844,1.0,0.9930869936943054,0.9930952191352844,0.9935415983200073
