model_name,val_acc,top5_val_acc,f1_val,recall,precision
vivit_no_augs_24,0.6277976036071777,0.9419047832489014,0.6269581317901611,0.6277976036071777,0.6370663642883301
