model_name,val_acc,top5_val_acc,f1_val,recall,precision
slovo_pretrain_all_best_augs_seed_42,0.2862837314605713,0.5494405031204224,0.25532156229019165,0.2862837314605713,0.3772331476211548
