model_name,val_acc,top5_val_acc,f1_val,recall,precision
WLASL_1k_classes_pretrain_seed_42,0.23852500319480896,0.3987833261489868,0.2182769924402237,0.23852500319480896,0.22516906261444092
