model_name,val_acc,top5_val_acc,f1_val,recall,precision
new_splits_videomae_kinetics_mixup_20_42,0.981249988079071,1.0,0.9817956686019897,0.981249988079071,0.9844444990158081
