model_name,val_acc,top5_val_acc,f1_val,recall,precision
timesformer_no_augs_12,0.9130654335021973,0.982619047164917,0.9127752184867859,0.9130654335021973,0.9205567240715027
