model_name,val_acc,top5_val_acc,f1_val,recall,precision
videomae_kinetics_freeze_no_augs_79,0.8857143521308899,0.9928570985794067,0.8851848840713501,0.8857143521308899,0.8906912207603455
