model_name,val_acc,top5_val_acc,f1_val,recall,precision
agressive_splits_videomae_kinetics_mixup_45_42,0.876507580280304,0.9909090995788574,0.8748712539672852,0.876507580280304,0.8911517858505249
