model_name,val_acc,top5_val_acc,f1_val,recall,precision
agressive_splits_videomae_kinetics_mixup_45_42,0.8475378751754761,1.0,0.844541072845459,0.8475378751754761,0.8752474784851074
