model_name,val_acc,top5_val_acc,f1_val,recall,precision
agressive_splits_videomae_kinetics_mixup_2_42,0.9638257026672363,0.9931817650794983,0.9635493755340576,0.9638257026672363,0.9678710103034973
