model_name,val_acc,top5_val_acc,f1_val,recall,precision
agressive_splits_videomae_kinetics_mixup_3.5_42,0.966098427772522,1.0,0.9661327004432678,0.966098427772522,0.9702003598213196
