model_name,val_acc,f1_val,recall,precision
WLASL_pretrain_seed_44,0.0005000000237487257,7.057163315948856e-07,0.0005000000237487257,3.5310733892401913e-07
