model_name,val_acc,top5_val_acc,f1_val,recall,precision
videomae_kinetics_mixup_45_89,0.9928571581840515,1.0,0.9929592609405518,0.9928571581840515,0.9935416579246521
