model_name,val_acc,top5_val_acc,f1_val,recall,precision
vivit_kinetics_no_augs_44,0.985714316368103,1.0,0.9860576391220093,0.985714316368103,0.988235354423523
