model_name,val_acc,top5_val_acc,f1_val,recall,precision
videomae_no_augmentations_44,0.8018749952316284,0.979285717010498,0.8000912666320801,0.8018749952316284,0.8139623999595642
