model_name,val_acc,top5_val_acc,f1_val,recall,precision
timesformer_no_augs_16,0.8237301707267761,0.9790476560592651,0.8251453042030334,0.8237301707267761,0.8402447700500488
