model_name,val_acc,top5_val_acc,f1_val,recall,precision
new_splits_videomae_kinetics_random_rotation_5_16,0.9874999523162842,1.0,0.987760603427887,0.9874999523162842,0.9894444346427917
