model_name,val_acc,top5_val_acc,f1_val,recall,precision
new_splits_videomae_kinetics_color_jitter_0.05_16,0.9819444417953491,1.0,0.9824974536895752,0.9819444417953491,0.98499995470047
