model_name,val_acc,top5_val_acc,f1_val,recall,precision
new_splits_videomae_kinetics_color_jitter_0.1_42,0.987500011920929,1.0,0.9877605438232422,0.987500011920929,0.9894444942474365
