model_name,val_acc,top5_val_acc,f1_val,recall,precision
vivit_kinetics_no_augs_2,0.9930952787399292,1.0,0.9931981563568115,0.9930952787399292,0.9937499761581421
