model_name,val_acc,top5_val_acc,f1_val,recall,precision
videomae_no_augmentations_26,0.8009226322174072,0.9719047546386719,0.7969446182250977,0.8009226322174072,0.817270040512085
