model_name,val_acc,top5_val_acc,f1_val,recall,precision
timesformer_no_augs_26,0.8666666746139526,0.9790476560592651,0.8654755353927612,0.8666666746139526,0.8888139128684998
