model_name,val_acc,top5_val_acc,f1_val,recall,precision
WLASL_top5_pretrain_seed_12,0.0010000000474974513,0.0035000001080334187,0.0005833333125337958,0.0010000000474974513,0.00041666667675599456
