model_name,val_acc,top5_val_acc,f1_val,recall,precision
new_videomae_all_best_augs_12,0.06104166805744171,0.254196435213089,0.011993298307061195,0.06104166805744171,0.006663640029728413
