model_name,val_acc,top5_val_acc,f1_val,recall,precision
WLASL_100_classes__e-5_pretrain_seed_42,0.00833333283662796,0.05666666477918625,0.011666666716337204,0.00833333283662796,0.019999999552965164
