model_name,val_acc,top5_val_acc,f1_val,recall,precision
WLASL_100_classes_e-7_pretrain_seed_42,0.013333333656191826,0.043333329260349274,0.006818181835114956,0.013333333656191826,0.004583333618938923
