model_name,val_acc,top5_val_acc,f1_val,recall,precision
agressive_splits_videomae_kinetics_mixup_1_42,0.9727272391319275,0.9977272748947144,0.9730313420295715,0.9727272391319275,0.977514386177063
