model_name,val_acc,top5_val_acc,f1_val,recall,precision
videomae_no_augmentations_2,0.7952083349227905,0.9685714244842529,0.7944751977920532,0.7952083349227905,0.8146519064903259
