model_name,val_acc,top5_val_acc,f1_val,recall,precision
slovo_finetune_WLASL_1k_classes_seed_42_new,0.2289210706949234,0.43133866786956787,0.1826070249080658,0.2289210706949234,0.2597307860851288
