model_name,val_acc,top5_val_acc,f1_val,recall,precision
agressive_splits_videomae_kinetics_color_jitter_0.3_42,0.9712120890617371,1.0,0.9711345434188843,0.9712120890617371,0.9734039306640625
