model_name,val_acc,top5_val_acc,f1_val,recall,precision
timesformer_kinetics_no_augs_14,0.985714316368103,1.0,0.9857698678970337,0.985714316368103,0.9890351295471191
