model_name,val_acc,top5_val_acc,f1_val,recall,precision
new_videomae_all_best_augs_24,0.050833337008953094,0.25755953788757324,0.010433604940772057,0.050833337008953094,0.0059850746765732765
