model_name,val_acc,top5_val_acc,f1_val,recall,precision
WLASL_100_classes_all_best_augs_pretrain_seed_42,0.03702499717473984,0.04516666755080223,0.036641865968704224,0.03702499717473984,0.03969286009669304
