model_name,val_acc,top5_val_acc,f1_val,recall,precision
videomae_kinetics_random_rotation_40_42,0.9729166030883789,1.0,0.9732874035835266,0.9729166030883789,0.9768964052200317
