model_name,val_acc,top5_val_acc,f1_val,recall,precision
new_videomae_kinetics_all_best_augs_seed_12,0.9930951595306396,1.0,0.9930869340896606,0.9930951595306396,0.9935417175292969
