model_name,val_acc,top5_val_acc,f1_val,recall,precision
videomae_kinetics_mixup_45_24,0.9928570985794067,1.0,0.9930288791656494,0.9928570985794067,0.9941176176071167
