model_name,val_acc,top5_val_acc,f1_val,recall,precision
videomae_no_augmentations_12,0.7690178751945496,0.965238094329834,0.768517017364502,0.7690178751945496,0.7847139835357666
