model_name,val_acc,top5_val_acc,f1_val,recall,precision
new_dataset_v2_all_best_augs_patience50_lre-6_experiment_seed_2,0.001500000013038516,0.0051666670478880405,0.0006269841687753797,0.001500000013038516,0.0005705645307898521
