model_name,val_acc,top5_val_acc,f1_val,recall,precision
videomae_no_augmentations_14,0.2594940662384033,0.7019047737121582,0.22896626591682434,0.2594940662384033,0.26558631658554077
