model_name,val_acc,top5_val_acc,f1_val,recall,precision
timesformer_no_augs_2,0.04270833730697632,0.24387896060943604,0.009885410778224468,0.04270833730697632,0.00606217747554183
