model_name,val_acc,top5_val_acc,f1_val,recall,precision
agressive_splits_videomae_kinetics_random_perspective_0.05_42,0.955492377281189,0.9979166984558105,0.9554603099822998,0.955492377281189,0.9592207670211792
