model_name,val_acc,top5_val_acc,f1_val,recall,precision
videomae_kinetics_random_rotation_30_42,0.9640151262283325,1.0,0.9638046026229858,0.9640151262283325,0.9668198227882385
