model_name,val_acc,top5_val_acc,f1_val,recall,precision
new_dataset_v2_all_best_augs_1500epochs_patience50_lre-6_experiment_seed_2,0.016083333641290665,0.02800000086426735,0.013869047164916992,0.016083333641290665,0.013624999672174454
