model_name,val_acc,top5_val_acc,f1_val,recall,precision
vivit_kinetics_no_augs_12,0.9750000238418579,1.0,0.9753456115722656,0.9750000238418579,0.9791666865348816
