model_name,val_acc,top5_val_acc,f1_val,recall,precision
new_splits_videomae_kinetics_mixup_50_42,0.9506944417953491,1.0,0.951374888420105,0.9506944417953491,0.9570833444595337
