model_name,val_acc,top5_val_acc,f1_val,recall,precision
videomae_kinetics_mixup_20_42,0.9928570985794067,1.0,0.9928205013275146,0.9928570985794067,0.9937500357627869
