model_name,val_acc,top5_val_acc,f1_val,recall,precision
agressive_splits_videomae_kinetics_mixup_4_42,0.9638257026672363,1.0,0.9641562104225159,0.9638257026672363,0.968802273273468
